Redirect from,Redirect to
/products/tul-bornova,/collections/tul-perdeler
/products/tul-001-lux-bambu-arpe,/collections/tul-perdeler
/products/blk-001-havuz-blackout-bambu,/collections/blackout-perdeler
/products/stn-001-saten-beyaz,/products/stn-saten
/products/saten-perde-stn-001,/products/stn-saten
/products/saten-101,/products/stn-saten
/products/saten-perde,/collections/saten-perdeler
/products/fon-001-suet-9006,/collections/fon-perdeler
/product/bella-tul-perde-ozel-dikim/,/collections/tul-perdeler
/shop/,/collections/all
/product-category/tul-perdeler/,/collections/tul-perdeler
/product-category/fon-perdeler/,/collections/fon-perdeler
/iletisim/,/pages/iletisim
/gizlilik-politikasi/,/policies/privacy-policy
/product-category/saten/,/collections/saten-perdeler
/product-category/blackout-perdeler/,/collections/blackout-perdeler
/sepet/,/cart
/product/eclipse-blackout-perde-antrasit-ozel-dikim/,/collections/blackout-perdeler
/product/saten-astar-kumasi-krem/,/collections/saten-perdeler
/iade-ve-degisim-politikasi/,/policies/refund-policy
/mesafeli-satis-sozlesmesi/,/policies/terms-of-service
/urunler/,/collections/all
/cookie-policy-eu/,/pages/cerez-politikasi
